Nome;Alg-Class;Alg-Class-Params;Tec-Desbal;Tec-Desbal-Params;Acuracia;Acuracia Balanceada;F1-Score;Macro F1-Score;AUC
CLF_0;AD;{'min_samples_leaf': 1, 'random_state': 42};-;-;0.9426629201154088;0.6342413329657454;0.26712070527464343;0.618587283750671;0.6342413329657454
CLF_1;AD;{'min_samples_leaf': 1, 'random_state': 42};undersampling;-;0.786930137289875;0.7778685069037609;0.19738109234915885;0.5367134973504213;0.7778685069037609
CLF_10;AD;{'min_samples_leaf': 3, 'random_state': 42};undersampling;-;0.8059935496780218;0.7921119075516346;0.22072696847504725;0.5543100482784806;0.8110633903825629
CLF_100;KNN;{'n_jobs': -1, 'n_neighbors': 3};undersampling;-;0.6210720917073129;0.6130845222505571;0.09510399018574038;0.4264798181588068;0.6392428315131464
CLF_101;KNN;{'n_jobs': -1, 'n_neighbors': 3};oversampling;-;0.9095206795429265;0.5270423530222621;0.0764608776844071;0.5143819252611006;0.5450439852380027
CLF_102;KNN;{'n_jobs': -1, 'n_neighbors': 3};smote;5;0.8504220249019434;0.571204712017828;0.10716382335118006;0.5125573821700264;0.5951362098655589
CLF_103;KNN;{'n_jobs': -1, 'n_neighbors': 3};smote;10;0.8357586228411968;0.5812042525329106;0.11129182086883087;0.5100972651984408;0.5997566152774557
CLF_104;KNN;{'n_jobs': -1, 'n_neighbors': 3};smote;15;0.8329711930083501;0.5775671996691709;0.10690112611578093;0.5071056109163796;0.6091424092569502
CLF_105;KNN;{'n_jobs': -1, 'n_neighbors': 3};adasyn;5;0.8489557492421195;0.5704471936958668;0.10584946577435453;0.5114610080840902;0.5913667992385081
CLF_106;KNN;{'n_jobs': -1, 'n_neighbors': 3};adasyn;10;0.8379582514851016;0.5867347853056724;0.11545591056233355;0.5128246090169232;0.6120736828447129
CLF_107;KNN;{'n_jobs': -1, 'n_neighbors': 3};adasyn;15;0.8356113498127083;0.5899161440025731;0.11429500576305637;0.5115269489732379;0.6060117675131631
CLF_108;KNN;{'n_jobs': -1, 'n_neighbors': 5};-;-;0.963924992953701;0.5068181818181818;0.03265821480107194;0.5071376013062464;0.5659527132584372
CLF_109;KNN;{'n_jobs': -1, 'n_neighbors': 5};undersampling;-;0.6163777504771043;0.5733111057504537;0.08086559353065595;0.417781907356458;0.6111264533821222
CLF_11;AD;{'min_samples_leaf': 3, 'random_state': 42};oversampling;-;0.9350371033363956;0.6522704872837549;0.28071541512717985;0.6232495692711291;0.652208682646299
CLF_110;KNN;{'n_jobs': -1, 'n_neighbors': 5};oversampling;-;0.8882577460879594;0.5446170193213408;0.09203969736568435;0.5161169562910706;0.566446461130709
CLF_111;KNN;{'n_jobs': -1, 'n_neighbors': 5};smote;5;0.8288671272400239;0.5776435316010752;0.10828765444896434;0.506486828598239;0.6124827053532081
CLF_112;KNN;{'n_jobs': -1, 'n_neighbors': 5};smote;10;0.8197750348011867;0.5861278057297769;0.11252774867325688;0.505713550736599;0.6252611166632206
CLF_113;KNN;{'n_jobs': -1, 'n_neighbors': 5};smote;15;0.8165478298474772;0.5844604498357342;0.10882281800691433;0.5029213288129586;0.6355746067748963
CLF_114;KNN;{'n_jobs': -1, 'n_neighbors': 5};adasyn;5;0.8271064131003071;0.5767339812070669;0.10615263742827956;0.5049185615941996;0.6059145446817753
CLF_115;KNN;{'n_jobs': -1, 'n_neighbors': 5};adasyn;10;0.8193353672574084;0.5902946447032875;0.11347654604949156;0.5060553170287234;0.6364010935218892
CLF_116;KNN;{'n_jobs': -1, 'n_neighbors': 5};adasyn;15;0.8174281331287935;0.5959001883888162;0.11573612799476593;0.5064834221687013;0.6344593533376358
CLF_117;KNN;{'n_jobs': -1, 'n_neighbors': 7};-;-;0.9667109167073666;0.5060606060606061;0.02647342995169082;0.5047693298960798;0.5794970167419595
CLF_118;KNN;{'n_jobs': -1, 'n_neighbors': 7};undersampling;-;0.5952610142797822;0.5777794242653985;0.08070040900860602;0.4092312190808064;0.6088100397976596
CLF_119;KNN;{'n_jobs': -1, 'n_neighbors': 7};oversampling;-;0.8709542947999388;0.5620403427757484;0.10625401061378995;0.5181569531351486;0.5784740936660004
CLF_12;AD;{'min_samples_leaf': 3, 'random_state': 42};smote;5;0.9168547472691557;0.7109821490109587;0.2988944811822257;0.6272214602520958;0.73391893902844
CLF_120;KNN;{'n_jobs': -1, 'n_neighbors': 7};smote;5;0.8125887779888679;0.5868087049417603;0.10907603025015589;0.501816781400956;0.6199169311315652
CLF_121;KNN;{'n_jobs': -1, 'n_neighbors': 7};smote;10;0.8058433720682554;0.5965053874606566;0.11436998346773705;0.5021894193722908;0.6345257541296208
CLF_122;KNN;{'n_jobs': -1, 'n_neighbors': 7};smote;15;0.8055508699758812;0.5941573620970891;0.11301214473529704;0.5013972302186975;0.6364480014494661
CLF_123;KNN;{'n_jobs': -1, 'n_neighbors': 7};adasyn;5;0.8136151709507449;0.5939299170629724;0.11461891845731031;0.5048623138232883;0.6144173992318247
CLF_124;KNN;{'n_jobs': -1, 'n_neighbors': 7};adasyn;10;0.8027640856055406;0.5949144783697475;0.11295709008240977;0.5005228257286143;0.634714551521835
CLF_125;KNN;{'n_jobs': -1, 'n_neighbors': 7};adasyn;15;0.8027637628742876;0.6015052725894272;0.11551149160777643;0.5017269146109118;0.6388330323184983
CLF_126;KNN;{'n_jobs': -1, 'n_neighbors': 11};-;-;0.967004064262247;0.49962121212121213;0.0;0.49161247297333394;0.6013168824679352
CLF_127;KNN;{'n_jobs': -1, 'n_neighbors': 11};undersampling;-;0.5841138767984199;0.5895953086589933;0.08436802260671168;0.4065232437454996;0.6113741301115087
CLF_128;KNN;{'n_jobs': -1, 'n_neighbors': 11};oversampling;-;0.8297476456755088;0.5759015094079537;0.10641616932587365;0.5057948858390777;0.5954880291125466
CLF_129;KNN;{'n_jobs': -1, 'n_neighbors': 11};smote;5;0.7886862256149645;0.5920345417786661;0.1077073664090741;0.4934635105209357;0.6296764077469158
CLF_13;AD;{'min_samples_leaf': 3, 'random_state': 42};smote;10;0.9126022251244128;0.660451788545041;0.24309034547775732;0.5981893540077963;0.7020365468037604
CLF_130;KNN;{'n_jobs': -1, 'n_neighbors': 11};smote;10;0.7807676915894084;0.5945344269074367;0.10682579434844972;0.49029460575261474;0.6421001228077869
CLF_131;KNN;{'n_jobs': -1, 'n_neighbors': 11};smote;15;0.7829676429645662;0.6022619293771683;0.11111683843126981;0.4931514463298489;0.64537035006485
CLF_132;KNN;{'n_jobs': -1, 'n_neighbors': 11};adasyn;5;0.7856062936897434;0.6014281365589175;0.11184742590243353;0.4944595331846745;0.6335433779869131
CLF_133;KNN;{'n_jobs': -1, 'n_neighbors': 11};adasyn;10;0.7801815040567319;0.6008223631309302;0.11026354053078649;0.49179230375694455;0.6411751091798821
CLF_134;KNN;{'n_jobs': -1, 'n_neighbors': 11};adasyn;15;0.7810610542984576;0.6056707905438004;0.11369006129526796;0.49373451782686956;0.6461143618798781
CLF_135;KNN;{'n_jobs': -1, 'n_neighbors': 13};-;-;0.9674439469601943;0.4998484848484848;0.0;0.4917262625151282;0.6057383230784654
CLF_136;KNN;{'n_jobs': -1, 'n_neighbors': 13};undersampling;-;0.5819090844544659;0.5862591609805408;0.08297155389674915;0.4052881263458791;0.6110186140995035
CLF_137;KNN;{'n_jobs': -1, 'n_neighbors': 13};oversampling;-;0.8125892082972055;0.5758240861993704;0.10237537037251591;0.4984767500254133;0.6008772232804299
CLF_138;KNN;{'n_jobs': -1, 'n_neighbors': 13};smote;5;0.7760752867467183;0.5921097824338916;0.10606359850666887;0.48848781634495547;0.6342686605701372
CLF_139;KNN;{'n_jobs': -1, 'n_neighbors': 13};smote;10;0.7702093234907472;0.5890791922255152;0.10185505810449787;0.4843790976153162;0.6455003581893788
CLF_14;AD;{'min_samples_leaf': 3, 'random_state': 42};smote;15;0.9172929087337531;0.6782541870563099;0.2528667660631528;0.6044506529565419;0.7253160172787215
CLF_140;KNN;{'n_jobs': -1, 'n_neighbors': 13};smote;15;0.7749020510646905;0.6002916006157097;0.1085569704018626;0.4892267855211293;0.6481645065654129
CLF_141;KNN;{'n_jobs': -1, 'n_neighbors': 13};adasyn;5;0.7751948758883178;0.598245858892182;0.108677925894243;0.48945266943073096;0.6335500091896983
CLF_142;KNN;{'n_jobs': -1, 'n_neighbors': 13};adasyn;10;0.7684502230072959;0.5925642704528225;0.10456048492476011;0.48506592586593145;0.6433504648107653
CLF_143;KNN;{'n_jobs': -1, 'n_neighbors': 13};adasyn;15;0.7693295580948529;0.5952155558618788;0.1064059251889983;0.48628440199592954;0.6506993451817784
CLF_144;KNN;{'n_jobs': -1, 'n_neighbors': 17};-;-;0.9675905745261767;0.4999242424242424;0.0;0.4917641734871583;0.6070267944974593
CLF_145;KNN;{'n_jobs': -1, 'n_neighbors': 17};undersampling;-;0.5838165337372494;0.5762597927723022;0.08052065600052292;0.40494850885286854;0.5996771792116492
CLF_146;KNN;{'n_jobs': -1, 'n_neighbors': 17};oversampling;-;0.7791540353240114;0.5695339674225194;0.09319561943954104;0.4832872387229627;0.6069915433889519
CLF_147;KNN;{'n_jobs': -1, 'n_neighbors': 17};smote;5;0.7568652467925892;0.5909724423920786;0.10225298945010122;0.4801485941370468;0.6448759234080415
CLF_148;KNN;{'n_jobs': -1, 'n_neighbors': 17};smote;10;0.7533453245923367;0.5935478553541479;0.10163410461705635;0.4785918432144588;0.6518325772717875
CLF_149;KNN;{'n_jobs': -1, 'n_neighbors': 17};smote;15;0.7570120895127403;0.5954422542330049;0.10444403056413512;0.48119587525885865;0.6509114000818719
CLF_15;AD;{'min_samples_leaf': 3, 'random_state': 42};adasyn;5;0.9117222445743497;0.6775730581018677;0.2606866055664877;0.6067049024834026;0.7106975516241748
CLF_150;KNN;{'n_jobs': -1, 'n_neighbors': 17};adasyn;5;0.7521726267957305;0.5929418521837021;0.1028299922234217;0.4787897909714804;0.6418067495201516
CLF_151;KNN;{'n_jobs': -1, 'n_neighbors': 17};adasyn;10;0.7505598311470083;0.5921086911572128;0.10141305433665875;0.4774808893525835;0.6452634114770979
CLF_152;KNN;{'n_jobs': -1, 'n_neighbors': 17};adasyn;15;0.7529054418943895;0.5955174948882302;0.10407878240694216;0.47961843097455786;0.6562234099211148
CLF_153;KNN;{'n_jobs': -1, 'n_neighbors': 19};-;-;0.9675905745261767;0.4999242424242424;0.0;0.4917641734871583;0.6132603287510155
CLF_154;KNN;{'n_jobs': -1, 'n_neighbors': 19};undersampling;-;0.59085799179402;0.5864888460036299;0.08341392997307633;0.4090864801282884;0.6078579896595009
CLF_155;KNN;{'n_jobs': -1, 'n_neighbors': 19};oversampling;-;0.7618503688818222;0.5781693546534334;0.0947870739178583;0.47830734111315926;0.6119782888155105
CLF_156;KNN;{'n_jobs': -1, 'n_neighbors': 19};smote;5;0.7467472992772971;0.5967296161003516;0.10348434443314847;0.4772764069175512;0.6523069980597205
CLF_157;KNN;{'n_jobs': -1, 'n_neighbors': 19};smote;10;0.7429341219450797;0.6013504261722609;0.10353679054644722;0.4759097108105402;0.6600079156719862
CLF_158;KNN;{'n_jobs': -1, 'n_neighbors': 19};smote;15;0.7480666246398856;0.597411376846555;0.10251690425570086;0.4772608144333453;0.6555542837047851
CLF_159;KNN;{'n_jobs': -1, 'n_neighbors': 19};adasyn;5;0.7395610424649782;0.5930167482252395;0.10072072219701993;0.4734502846076012;0.6493449572574599
CLF_16;AD;{'min_samples_leaf': 3, 'random_state': 42};adasyn;10;0.9126011493535693;0.7021934661244745;0.2789285811997066;0.616049138071513;0.7236961306148534
CLF_160;KNN;{'n_jobs': -1, 'n_neighbors': 19};adasyn;10;0.7394152755156707;0.597335332092724;0.10252609354443709;0.47425138067769945;0.656239923965689
CLF_161;KNN;{'n_jobs': -1, 'n_neighbors': 19};adasyn;15;0.7427868489165912;0.5968803271532612;0.10345169165005182;0.47583743685678587;0.657810131433572
CLF_162;KNN;{'n_jobs': -1, 'n_neighbors': 23};-;-;0.9677372020921592;0.5;0.0;0.49180205620958184;0.6198960337053073
CLF_163;KNN;{'n_jobs': -1, 'n_neighbors': 23};undersampling;-;0.5707666803648154;0.5739112504882027;0.07949542144818053;0.3989263161216721;0.6039674930085193
CLF_164;KNN;{'n_jobs': -1, 'n_neighbors': 23};oversampling;-;0.7367746884029751;0.5937739219335125;0.09913851805472712;0.4718486596516652;0.6199926913180326
CLF_165;KNN;{'n_jobs': -1, 'n_neighbors': 23};smote;5;0.732523564760329;0.6025623176419235;0.10389106703713677;0.47251230407536965;0.6512259370881605
CLF_166;KNN;{'n_jobs': -1, 'n_neighbors': 23};smote;10;0.7313502215012166;0.6041530544259885;0.10367220974684503;0.47194281802746885;0.6589104189771449
CLF_167;KNN;{'n_jobs': -1, 'n_neighbors': 23};smote;15;0.7376558523009662;0.6271836446343648;0.11474851437529414;0.479552142654614;0.6614367623439579
CLF_168;KNN;{'n_jobs': -1, 'n_neighbors': 23};adasyn;5;0.7259239257890242;0.6013495072024261;0.1023602469027339;0.46943365506995127;0.6551110896162674
CLF_169;KNN;{'n_jobs': -1, 'n_neighbors': 23};adasyn;10;0.7244584031687905;0.6071831851494475;0.10516990864073086;0.47027806750796053;0.6580724868785727
CLF_17;AD;{'min_samples_leaf': 3, 'random_state': 42};adasyn;15;0.908056663001874;0.7196181105980196;0.29209397687760147;0.6212505566088414;0.7461306944801241
CLF_170;KNN;{'n_jobs': -1, 'n_neighbors': 23};adasyn;15;0.7307630657747809;0.6104405311645645;0.10692823770191498;0.473391520240323;0.6636528737648733
CLF_171;MLP;{'hidden_layer_sizes': 5, 'random_state': 42};-;-;0.8728559349201671;0.47514427826406597;0.02340567812220625;0.47746200968447255;0.47153319935170857
CLF_172;MLP;{'hidden_layer_sizes': 5, 'random_state': 42};undersampling;-;0.05836444104022738;0.4827284214395663;0.06030909183481507;0.058263863650315925;0.4871177986182036
CLF_173;MLP;{'hidden_layer_sizes': 5, 'random_state': 42};oversampling;-;0.4329493548602251;0.5246759482619983;0.07864694330314233;0.3025421058650285;0.5312641813754053
CLF_174;MLP;{'hidden_layer_sizes': 5, 'random_state': 42};smote;5;0.42461256113067825;0.4940062489948767;0.054435492268061804;0.26734714954705013;0.494373122899684
CLF_175;MLP;{'hidden_layer_sizes': 5, 'random_state': 42};smote;10;0.5662145560401306;0.5473927677074;0.07162936818303275;0.37179744056265474;0.5510075420794199
CLF_176;MLP;{'hidden_layer_sizes': 5, 'random_state': 42};smote;15;0.6602227275954584;0.5190703471408551;0.06360206435869042;0.40534315152681033;0.5223595842810209
CLF_177;MLP;{'hidden_layer_sizes': 5, 'random_state': 42};adasyn;5;0.5551103418154278;0.5438541020516002;0.07187706645506753;0.3638261562985949;0.5519070947604099
CLF_178;MLP;{'hidden_layer_sizes': 5, 'random_state': 42};adasyn;10;0.5914832298083191;0.5077231373630161;0.050177971967044974;0.3611333773957403;0.5100354456063844
CLF_179;MLP;{'hidden_layer_sizes': 5, 'random_state': 42};adasyn;15;0.6946942981993748;0.514911204539711;0.06927876421495013;0.4309555285652925;0.5204732433578322
CLF_18;AD;{'min_samples_leaf': 5, 'random_state': 42};-;-;0.9454492741774118;0.6422718657385071;0.29007718123306675;0.6307501418873962;0.6988842283368525
CLF_180;MLP;{'hidden_layer_sizes': 7, 'random_state': 42};-;-;0.852905334317305;0.4977907390814897;0.04836491637166476;0.48408767984809764;0.4902395091239085
CLF_181;MLP;{'hidden_layer_sizes': 7, 'random_state': 42};undersampling;-;0.535402865423219;0.489730397224711;0.05841925657912803;0.37370471694869317;0.48807973812492556
CLF_182;MLP;{'hidden_layer_sizes': 7, 'random_state': 42};oversampling;-;0.6539165589102872;0.5421762354400717;0.07472653303226175;0.4280169231734251;0.5354187356541498
CLF_183;MLP;{'hidden_layer_sizes': 7, 'random_state': 42};smote;5;0.6134166912301009;0.503674041399591;0.057972849050221785;0.40188221100412713;0.49657308055397176
CLF_184;MLP;{'hidden_layer_sizes': 7, 'random_state': 42};smote;10;0.6863107084381314;0.5369424724883405;0.07186746895800779;0.43489029416582714;0.5321029032136793
CLF_185;MLP;{'hidden_layer_sizes': 7, 'random_state': 42};smote;15;0.726215997573061;0.5377884416569026;0.07816810065379926;0.4565645057520588;0.5334626156805494
CLF_186;MLP;{'hidden_layer_sizes': 7, 'random_state': 42};adasyn;5;0.6072719957485536;0.5224695016886071;0.06329128016918988;0.3998034114959399;0.5174167092212357
CLF_187;MLP;{'hidden_layer_sizes': 7, 'random_state': 42};adasyn;10;0.62783266599682;0.4935483148390654;0.06086286744548382;0.403934450412201;0.48274832026934167
CLF_188;MLP;{'hidden_layer_sizes': 7, 'random_state': 42};adasyn;15;0.5759244636744458;0.5480170354033129;0.07164632560848964;0.39041376496103086;0.5442830364434197
CLF_189;MLP;{'hidden_layer_sizes': 9, 'random_state': 42};-;-;0.9417813259090801;0.5063618558595814;0.042684416218856866;0.5063253397755896;0.5021085919502419
CLF_19;AD;{'min_samples_leaf': 5, 'random_state': 42};undersampling;-;0.7809146418866438;0.7725635812254462;0.19738126107666504;0.5342262362988904;0.8512854573545783
CLF_190;MLP;{'hidden_layer_sizes': 9, 'random_state': 42};undersampling;-;0.24064359066489094;0.44948233280492567;0.05342372818187979;0.20743106321501373;0.4481823233541563
CLF_191;MLP;{'hidden_layer_sizes': 9, 'random_state': 42};oversampling;-;0.6790151533081029;0.5419624600822478;0.08085317658901665;0.4352122852479445;0.5382258608554356
CLF_192;MLP;{'hidden_layer_sizes': 9, 'random_state': 42};smote;5;0.6338313793748911;0.5317984239667333;0.0706274030272645;0.4175305765421018;0.5285047995288191
CLF_193;MLP;{'hidden_layer_sizes': 9, 'random_state': 42};smote;10;0.6218018946476097;0.5651284834700301;0.09321653928596153;0.42036844943070284;0.5508751503768821
CLF_194;MLP;{'hidden_layer_sizes': 9, 'random_state': 42};smote;15;0.5335393075908542;0.5524811036827716;0.07468926242944132;0.3758310779221097;0.5363309685524346
CLF_195;MLP;{'hidden_layer_sizes': 9, 'random_state': 42};adasyn;5;0.5014205553989711;0.5336892044018655;0.07237857373950582;0.35348671474698073;0.5228749175015717
CLF_196;MLP;{'hidden_layer_sizes': 9, 'random_state': 42};adasyn;10;0.6261834017165;0.534437245847405;0.07023663219704596;0.41620052254217954;0.5251169558810936
CLF_197;MLP;{'hidden_layer_sizes': 9, 'random_state': 42};adasyn;15;0.5172035121766502;0.5550239506513199;0.07829261466261876;0.36459386292388507;0.5408163571931319
CLF_198;MLP;{'hidden_layer_sizes': 11, 'random_state': 42};-;-;0.941049048695843;0.5103776391664944;0.052674398567917;0.5111119823333918;0.5062052589615222
CLF_199;MLP;{'hidden_layer_sizes': 11, 'random_state': 42};undersampling;-;0.20471542633874304;0.48804069887655943;0.06012846935404501;0.1831261213010614;0.4872795751644225
CLF_2;AD;{'min_samples_leaf': 1, 'random_state': 42};oversampling;-;0.9438354027578463;0.6282556803822914;0.26170969363977037;0.6162176493494034;0.6282556803822914
CLF_20;AD;{'min_samples_leaf': 5, 'random_state': 42};oversampling;-;0.9303462045728867;0.6784074252762653;0.3016045495021498;0.6323644267178358;0.6789979769610085
CLF_200;MLP;{'hidden_layer_sizes': 11, 'random_state': 42};oversampling;-;0.7043690281271046;0.5199102281342615;0.07208708399852512;0.44231474657330205;0.5198931540924442
CLF_201;MLP;{'hidden_layer_sizes': 11, 'random_state': 42};smote;5;0.5707403239791473;0.5343514370390793;0.06825076569395574;0.3863810390902359;0.5361562755196878
CLF_202;MLP;{'hidden_layer_sizes': 11, 'random_state': 42};smote;10;0.7228362483137293;0.536041996921451;0.07591526498935663;0.45393162276515675;0.5375143393233458
CLF_203;MLP;{'hidden_layer_sizes': 11, 'random_state': 42};smote;15;0.5892174412575331;0.5680647069634939;0.07709563356316507;0.4014957160874483;0.5701415552937884
CLF_204;MLP;{'hidden_layer_sizes': 11, 'random_state': 42};adasyn;5;0.6404377957025107;0.5374089071151239;0.08495704204764618;0.4118061406649257;0.5398092928735978
CLF_205;MLP;{'hidden_layer_sizes': 11, 'random_state': 42};adasyn;10;0.7003927639349976;0.513461012704758;0.07381474073868989;0.44395510446375946;0.5148576366915415
CLF_206;MLP;{'hidden_layer_sizes': 11, 'random_state': 42};adasyn;15;0.6826086582340576;0.5306346635421691;0.07342282012062833;0.43115534723005994;0.5324068146312528
CLF_207;MLP;{'hidden_layer_sizes': 13, 'random_state': 42};-;-;0.9425151092014984;0.5111350426172261;0.05708430112003078;0.5137067493851;0.5069661189919736
CLF_208;MLP;{'hidden_layer_sizes': 13, 'random_state': 42};undersampling;-;0.5027116955654575;0.48821943850943095;0.05778775665779817;0.3596088468061306;0.48971932912069216
CLF_209;MLP;{'hidden_layer_sizes': 13, 'random_state': 42};oversampling;-;0.5017432866520506;0.5272660647414249;0.07418294107821757;0.35043216560921675;0.526311751117906
CLF_21;AD;{'min_samples_leaf': 5, 'random_state': 42};smote;5;0.9168551775774931;0.7153763181473568;0.2990054643129073;0.6272702636982139;0.7643180878326306
CLF_210;MLP;{'hidden_layer_sizes': 13, 'random_state': 42};smote;5;0.7817977421721535;0.5752940129115262;0.09866525399980614;0.4861802159938352;0.5724767777367026
CLF_211;MLP;{'hidden_layer_sizes': 13, 'random_state': 42};smote;10;0.6391205143045249;0.5674862728880925;0.08380089296368148;0.4240337785115318;0.568109163434608
CLF_212;MLP;{'hidden_layer_sizes': 13, 'random_state': 42};smote;15;0.6597603612868801;0.5693612010935741;0.08460959946748699;0.4334521907580096;0.5682796466978699
CLF_213;MLP;{'hidden_layer_sizes': 13, 'random_state': 42};adasyn;5;0.5563633996940508;0.557681151928688;0.08089613635266743;0.3881725233295252;0.5569560677594053
CLF_214;MLP;{'hidden_layer_sizes': 13, 'random_state': 42};adasyn;10;0.7235933758334534;0.5584038642681554;0.09217300887077765;0.45820280495430377;0.5574839728527957
CLF_215;MLP;{'hidden_layer_sizes': 13, 'random_state': 42};adasyn;15;0.7682861679536472;0.5507368415006777;0.08643787804364887;0.4734534323732986;0.5493882832912487
CLF_216;MLP;{'hidden_layer_sizes': 15, 'random_state': 42};-;-;0.9329772173250742;0.50401009718106;0.04612803456058494;0.5056369446682238;0.49982394287140475
CLF_217;MLP;{'hidden_layer_sizes': 15, 'random_state': 42};undersampling;-;0.4744403302186182;0.5175526110230432;0.06558918509543418;0.3259033153268594;0.5161266126354175
CLF_218;MLP;{'hidden_layer_sizes': 15, 'random_state': 42};oversampling;-;0.7317575083426029;0.5076964298021918;0.06515908879783905;0.4518547287906632;0.5082321200320804
CLF_219;MLP;{'hidden_layer_sizes': 15, 'random_state': 42};smote;5;0.4614124225713935;0.539382854320307;0.07044564328424693;0.32821961757163026;0.5419501205625766
CLF_22;AD;{'min_samples_leaf': 5, 'random_state': 42};smote;10;0.9033638278508466;0.677648183885864;0.24906860368944303;0.5984775631308286;0.7438607606668379
CLF_220;MLP;{'hidden_layer_sizes': 15, 'random_state': 42};smote;10;0.5241223323572506;0.5344326509982309;0.06986271271859548;0.3715770697668007;0.5367918188710454
CLF_221;MLP;{'hidden_layer_sizes': 15, 'random_state': 42};smote;15;0.6341377589111478;0.5143821650929308;0.05714241078847234;0.4103158725658925;0.516498251085533
CLF_222;MLP;{'hidden_layer_sizes': 15, 'random_state': 42};adasyn;5;0.7314789912711953;0.5317191053828658;0.06819454461760262;0.45255562082805306;0.5333413064409342
CLF_223;MLP;{'hidden_layer_sizes': 15, 'random_state': 42};adasyn;10;0.69876996361743;0.5323951225676018;0.07236238551107167;0.44326790995613646;0.5338761129455698
CLF_224;MLP;{'hidden_layer_sizes': 15, 'random_state': 42};adasyn;15;0.6182455038157592;0.5215474303305994;0.06563633481387746;0.40592335463512724;0.5237483343671745
CLF_225;MLP;{'hidden_layer_sizes': 17, 'random_state': 42};-;-;0.9299038476019993;0.5002254347876031;0.03624462172350311;0.49990695728099405;0.49599276676754445
CLF_226;MLP;{'hidden_layer_sizes': 17, 'random_state': 42};undersampling;-;0.44962659994018717;0.48715515656948555;0.058941732007731173;0.33388259224938094;0.48496313025144266
CLF_227;MLP;{'hidden_layer_sizes': 17, 'random_state': 42};oversampling;-;0.6983455720196307;0.5321765226181451;0.0717761317606057;0.4451449197083786;0.5334628623926215
CLF_228;MLP;{'hidden_layer_sizes': 17, 'random_state': 42};smote;5;0.6572686608589384;0.5548917338663358;0.07908937062247166;0.43276774337169466;0.5566999375518226
CLF_229;MLP;{'hidden_layer_sizes': 17, 'random_state': 42};smote;10;0.6423268493038686;0.5515664415190572;0.07822076858648896;0.42708029246842577;0.5535019512444731
CLF_23;AD;{'min_samples_leaf': 5, 'random_state': 42};smote;15;0.9118681191007416;0.7106026719047948;0.27976559017165836;0.6162758607172544;0.7617254768200302
CLF_230;MLP;{'hidden_layer_sizes': 17, 'random_state': 42};smote;15;0.6364372190893384;0.5617041146874354;0.08718190770525011;0.42205073659892206;0.5638498492054044
CLF_231;MLP;{'hidden_layer_sizes': 17, 'random_state': 42};adasyn;5;0.6509921834490504;0.5714222206906058;0.08598141591354926;0.4335920165088029;0.5734197922083889
CLF_232;MLP;{'hidden_layer_sizes': 17, 'random_state': 42};adasyn;10;0.7427459696245344;0.5661000068922737;0.08941612894023107;0.4659646514551314;0.5677533302213673
CLF_233;MLP;{'hidden_layer_sizes': 17, 'random_state': 42};adasyn;15;0.5964412424722936;0.5761922484894434;0.08473022751281858;0.4079377575262971;0.5787441755065299
CLF_234;MLP;{'hidden_layer_sizes': 19, 'random_state': 42};-;-;0.9337149809696138;0.5263609943253613;0.07591567020647161;0.5207434140986522;0.5222970982483182
CLF_235;MLP;{'hidden_layer_sizes': 19, 'random_state': 42};undersampling;-;0.49655764087757087;0.5070094424150527;0.06254336383065735;0.35872865780350843;0.5048552165635959
CLF_236;MLP;{'hidden_layer_sizes': 19, 'random_state': 42};oversampling;-;0.7407405176178992;0.5123387207939899;0.06841871398215356;0.4564211222690485;0.5133891268115715
CLF_237;MLP;{'hidden_layer_sizes': 19, 'random_state': 42};smote;5;0.6594860397217627;0.525280745284536;0.0740120273710803;0.42705010092102835;0.526722069843796
CLF_238;MLP;{'hidden_layer_sizes': 19, 'random_state': 42};smote;10;0.7082978508250086;0.5197421140901051;0.06643507602307094;0.4448829160092959;0.521031975712045
CLF_239;MLP;{'hidden_layer_sizes': 19, 'random_state': 42};smote;15;0.6475812368352543;0.5345077193466125;0.07065460468860048;0.4240331235796865;0.5362074258506214
CLF_24;AD;{'min_samples_leaf': 5, 'random_state': 42};adasyn;5;0.91524087584959;0.6859815746548119;0.27463769037361135;0.6146898656032017;0.7485224962249137
CLF_240;MLP;{'hidden_layer_sizes': 19, 'random_state': 42};adasyn;5;0.6852335390924367;0.5363848301054517;0.07784195654606824;0.43287891644543597;0.5378745467807861
CLF_241;MLP;{'hidden_layer_sizes': 19, 'random_state': 42};adasyn;10;0.6285321321993275;0.5224692719461483;0.06451899442401547;0.413262459084656;0.5241895612858894
CLF_242;MLP;{'hidden_layer_sizes': 19, 'random_state': 42};adasyn;15;0.7278373993885319;0.5276418659682496;0.07352353171920449;0.45262585864132526;0.5288902616871033
CLF_243;MLP;{'hidden_layer_sizes': 21, 'random_state': 42};-;-;0.9406083053812209;0.5255286373974775;0.0796682615629984;0.524480034845479;0.5214836807143737
CLF_244;MLP;{'hidden_layer_sizes': 21, 'random_state': 42};undersampling;-;0.5208990001785779;0.5086009832977233;0.062315487578381165;0.3697716477743733;0.5063124599256053
CLF_245;MLP;{'hidden_layer_sizes': 21, 'random_state': 42};oversampling;-;0.6610600000430308;0.5568500585843269;0.0784868097230661;0.43134834487802437;0.5572016898602122
CLF_246;MLP;{'hidden_layer_sizes': 21, 'random_state': 42};smote;5;0.5750022053302294;0.5167815378960186;0.06508561792570107;0.39205338618912633;0.5186826384668242
CLF_247;MLP;{'hidden_layer_sizes': 21, 'random_state': 42};smote;10;0.6659617498918851;0.5615819491350196;0.08509482048012224;0.43042163308540793;0.5632779902025284
CLF_248;MLP;{'hidden_layer_sizes': 21, 'random_state': 42};smote;15;0.6043562264540656;0.5780845796861718;0.08777029029162675;0.4113261215106646;0.5804763957898651
CLF_249;MLP;{'hidden_layer_sizes': 21, 'random_state': 42};adasyn;5;0.7631492545983825;0.5656582121441863;0.09383827442136612;0.47683084186448077;0.5671907901469725
CLF_25;AD;{'min_samples_leaf': 5, 'random_state': 42};adasyn;10;0.9084961153914838;0.6890876352608726;0.2607370848987308;0.6057889859083627;0.7446259897200693
CLF_250;MLP;{'hidden_layer_sizes': 21, 'random_state': 42};adasyn;10;0.711402095171295;0.5477105015277873;0.08081518301056193;0.44996133567191726;0.5493291154706483
CLF_251;MLP;{'hidden_layer_sizes': 21, 'random_state': 42};adasyn;15;0.7333979513020055;0.5568780297286742;0.09210544832494152;0.46338830547154874;0.5584467255956074
CLF_252;MLP;{'hidden_layer_sizes': 23, 'random_state': 42};-;-;0.9445655284293961;0.5187853516208331;0.06839986471067155;0.5199035353702608;0.5146336325728857
CLF_253;MLP;{'hidden_layer_sizes': 23, 'random_state': 42};undersampling;-;0.5500902571737779;0.5214866634502723;0.06513298529764033;0.38379059033718355;0.5219132951960852
CLF_254;MLP;{'hidden_layer_sizes': 23, 'random_state': 42};oversampling;-;0.7505568189886463;0.5371829554069888;0.07325425172418162;0.46413318593476116;0.5383900679724393
CLF_255;MLP;{'hidden_layer_sizes': 23, 'random_state': 42};smote;5;0.7448311362506803;0.5671788774783468;0.08742377155008733;0.46920074235244813;0.5687028466657059
CLF_256;MLP;{'hidden_layer_sizes': 23, 'random_state': 42};smote;10;0.7624377397624268;0.5147611827141774;0.06257559672122637;0.46274725984904574;0.5157581749154653
CLF_257;MLP;{'hidden_layer_sizes': 23, 'random_state': 42};smote;15;0.7526025048248323;0.5206640131412686;0.06949820638701826;0.4629171284277659;0.5218177510510718
CLF_258;MLP;{'hidden_layer_sizes': 23, 'random_state': 42};adasyn;5;0.7325194768311233;0.545439210145427;0.08513503723846774;0.4623890231487941;0.5469734968577498
CLF_259;MLP;{'hidden_layer_sizes': 23, 'random_state': 42};adasyn;10;0.6874924427098238;0.5419475842580467;0.07504981128004477;0.44292505884652583;0.543573163574542
CLF_26;AD;{'min_samples_leaf': 5, 'random_state': 42};adasyn;15;0.9020442873340893;0.7187085602040113;0.27451981987644036;0.610792609610433;0.742659164531106
CLF_260;MLP;{'hidden_layer_sizes': 23, 'random_state': 42};adasyn;15;0.6362928506421277;0.5330694741195121;0.0709199521842767;0.42101547037444204;0.534870738538462
CLF_261;RF;{'n_estimators': 50, 'n_jobs': -1, 'random_state': 42};-;-;0.9653914837676938;0.5734848484848485;0.2266162795520331;0.6044470036770028;0.8972513233687763
CLF_262;RF;{'n_estimators': 50, 'n_jobs': -1, 'random_state': 42};undersampling;-;0.8276990552580452;0.8538565717830313;0.27282775841553536;0.5868719584909474;0.9271244128513754
CLF_263;RF;{'n_estimators': 50, 'n_jobs': -1, 'random_state': 42};oversampling;-;0.9656853843621647;0.6087877639166495;0.29836793069630596;0.6403860163539428;0.9079003693110025
CLF_264;RF;{'n_estimators': 50, 'n_jobs': -1, 'random_state': 42};smote;5;0.9450101445190551;0.7255289820111654;0.3782225814530994;0.6746653028092588;0.9217178783492794
CLF_265;RF;{'n_estimators': 50, 'n_jobs': -1, 'random_state': 42};smote;10;0.9394375439721333;0.7292406437383694;0.3641282935112819;0.6660937101240834;0.9163991250467317
CLF_266;RF;{'n_estimators': 50, 'n_jobs': -1, 'random_state': 42};smote;15;0.9381178958782916;0.7417406437383693;0.3711213392647788;0.6692106159710043;0.9223002637338997
CLF_267;RF;{'n_estimators': 50, 'n_jobs': -1, 'random_state': 42};adasyn;5;0.9445692936273486;0.7209074252762653;0.367690769060322;0.6692945609816594;0.9179865397026298
CLF_268;RF;{'n_estimators': 50, 'n_jobs': -1, 'random_state': 42};adasyn;10;0.9398773190929962;0.7294678590300274;0.35852317769396597;0.663434290347803;0.9172655412941184
CLF_269;RF;{'n_estimators': 50, 'n_jobs': -1, 'random_state': 42};adasyn;15;0.9411973974951751;0.7499226342270315;0.38767411672697316;0.6783263051035837;0.9207505412001329
CLF_27;AD;{'min_samples_leaf': 7, 'random_state': 42};-;-;0.9445688633190112;0.626438130355871;0.2589879596003642;0.6150241933554382;0.7183580619761611
CLF_270;RF;{'n_estimators': 100, 'n_jobs': -1, 'random_state': 42};-;-;0.9661246215976058;0.5826515151515151;0.2478070322770935;0.6152295786510813;0.9050075266762322
CLF_271;RF;{'n_estimators': 100, 'n_jobs': -1, 'random_state': 42};undersampling;-;0.8272588498288449;0.8492352447905898;0.27026724956855647;0.5853967380063819;0.9281796917587203
CLF_272;RF;{'n_estimators': 100, 'n_jobs': -1, 'random_state': 42};oversampling;-;0.9652451789329645;0.6129543731477014;0.30111829347123464;0.6416435425480875;0.9188873207225609
CLF_273;RF;{'n_estimators': 100, 'n_jobs': -1, 'random_state': 42};smote;5;0.944130163968992;0.7272712913823604;0.3754658608680554;0.6730472549109912;0.923249320693321
CLF_274;RF;{'n_estimators': 100, 'n_jobs': -1, 'random_state': 42};smote;10;0.9397307991040981;0.7381800376777632;0.37267283689743963;0.6704428186157031;0.9218902165218245
CLF_275;RF;{'n_estimators': 100, 'n_jobs': -1, 'random_state': 42};smote;15;0.9387045137193055;0.7442405288671399;0.37805723208488595;0.6728386703316864;0.9279427006643735
CLF_276;RF;{'n_estimators': 100, 'n_jobs': -1, 'random_state': 42};adasyn;5;0.9447162439245842;0.7209831828520229;0.3674563707741068;0.6692195494324542;0.9230012327771477
CLF_277;RF;{'n_estimators': 100, 'n_jobs': -1, 'random_state': 42};adasyn;10;0.9394374363950488;0.72924052886714;0.35955589932960896;0.6638168178670788;0.9224429246632706
CLF_278;RF;{'n_estimators': 100, 'n_jobs': -1, 'random_state': 42};adasyn;15;0.9391442888401684;0.7488617984239667;0.3818669034285281;0.6748595456973142;0.9227497600757733
CLF_279;RF;{'n_estimators': 150, 'n_jobs': -1, 'random_state': 42};-;-;0.9659778864545391;0.5803787878787878;0.24130841664729133;0.611942788849227;0.9101521260575985
CLF_28;AD;{'min_samples_leaf': 7, 'random_state': 42};undersampling;-;0.7983629995072969;0.8079420819261609;0.2197555779396664;0.5514091328912885;0.8645843515101388
CLF_280;RF;{'n_estimators': 150, 'n_jobs': -1, 'random_state': 42};undersampling;-;0.8276987325267922;0.8516594872148321;0.2726032404552275;0.5867067646691205;0.9286515227225735
CLF_281;RF;{'n_estimators': 150, 'n_jobs': -1, 'random_state': 42};oversampling;-;0.9649519238009997;0.614999827693156;0.3024467911868993;0.64222978369682;0.9238649678256129
CLF_282;RF;{'n_estimators': 150, 'n_jobs': -1, 'random_state': 42};smote;5;0.9451568796621219;0.7365896455073863;0.3932282637132106;0.6821885323286407;0.9260560542881431
CLF_283;RF;{'n_estimators': 150, 'n_jobs': -1, 'random_state': 42};smote;10;0.9397307991040981;0.7315891860224688;0.3658518947436145;0.6670436101888659;0.9226583016915312
CLF_284;RF;{'n_estimators': 150, 'n_jobs': -1, 'random_state': 42};smote;15;0.9394376515492177;0.7512102258368369;0.3862916042471959;0.6771473153949701;0.9281855501914172
CLF_285;RF;{'n_estimators': 150, 'n_jobs': -1, 'random_state': 42};adasyn;5;0.9439834288259252;0.724998391802789;0.3741204378814305;0.672338284919304;0.9229101581672399
CLF_286;RF;{'n_estimators': 150, 'n_jobs': -1, 'random_state': 42};adasyn;10;0.9407574072201437;0.7299225193558021;0.3647853432189538;0.666793320152069;0.9240683577800196
CLF_287;RF;{'n_estimators': 150, 'n_jobs': -1, 'random_state': 42};adasyn;15;0.9395841715381156;0.7490890711512395;0.38390031637352195;0.6759940949691695;0.9240359653986971
CLF_288;RF;{'n_estimators': 200, 'n_jobs': -1, 'random_state': 42};-;-;0.9661246215976058;0.5804545454545454;0.24345519531689744;0.6130549351605007;0.9117823524374631
CLF_289;RF;{'n_estimators': 200, 'n_jobs': -1, 'random_state': 42};undersampling;-;0.827845790401112;0.8517354745330484;0.2733543128008774;0.5870905231753445;0.9291284132419376
CLF_29;AD;{'min_samples_leaf': 7, 'random_state': 42};oversampling;-;0.92946514825198;0.6955279481701013;0.31332359004414934;0.6379847169251232;0.6970019157388204
CLF_290;RF;{'n_estimators': 200, 'n_jobs': -1, 'random_state': 42};oversampling;-;0.9646586686690348;0.6082574608863464;0.28767618283747315;0.6347717738298688;0.9237912557409509
CLF_291;RF;{'n_estimators': 200, 'n_jobs': -1, 'random_state': 42};smote;5;0.9429573585953015;0.7332561973028235;0.3785313352874206;0.6742540543655513;0.9263797588017468
CLF_292;RF;{'n_estimators': 200, 'n_jobs': -1, 'random_state': 42};smote;10;0.9400241618131473;0.7295437889126289;0.3643405763582296;0.6663675113722258;0.9232385475995045
CLF_293;RF;{'n_estimators': 200, 'n_jobs': -1, 'random_state': 42};smote;15;0.9403176320992808;0.7538617984239667;0.3908239014038126;0.6796566690496297;0.9288363466145361
CLF_294;RF;{'n_estimators': 200, 'n_jobs': -1, 'random_state': 42};adasyn;5;0.9455965472059005;0.7302257219656765;0.38584518342015695;0.6786345141227085;0.9246629299577901
CLF_295;RF;{'n_estimators': 200, 'n_jobs': -1, 'random_state': 42};adasyn;10;0.9398777494013336;0.7360589404277804;0.37158738797856394;0.6699406783468632;0.9254889285020583
CLF_296;RF;{'n_estimators': 200, 'n_jobs': -1, 'random_state': 42};adasyn;15;0.9397311218353511;0.7513619132951961;0.3874271334649439;0.6777853297086287;0.9250726978239212
CLF_297;RF;{'n_estimators': 250, 'n_jobs': -1, 'random_state': 42};-;-;0.9661246215976058;0.576060606060606;0.23422795130385077;0.6084435885238508;0.9141444077552701
CLF_298;RF;{'n_estimators': 250, 'n_jobs': -1, 'random_state': 42};undersampling;-;0.8282857806761434;0.8519628046959358;0.2734953058395698;0.5872970268694985;0.9296811722922241
CLF_299;RF;{'n_estimators': 250, 'n_jobs': -1, 'random_state': 42};oversampling;-;0.9649519238009997;0.6106059457348312;0.2934853753000913;0.6377519996923109;0.9239874009757789
CLF_3;AD;{'min_samples_leaf': 1, 'random_state': 42};smote;5;0.9231580113730494;0.7208297723252234;0.30797911512271525;0.6335817689806518;0.7208297723252234
CLF_30;AD;{'min_samples_leaf': 7, 'random_state': 42};smote;5;0.9067357239830202;0.7255266845865785;0.28411028671417543;0.6168650148005431;0.7939133064221371
CLF_300;RF;{'n_estimators': 250, 'n_jobs': -1, 'random_state': 42};smote;5;0.9431038785841995;0.7267411032232867;0.37211532553468035;0.6710900517372537;0.9266931444850324
CLF_301;RF;{'n_estimators': 250, 'n_jobs': -1, 'random_state': 42};smote;10;0.9397309066811823;0.7315891860224688;0.36578956084907405;0.6670080004806028;0.9243148113918842
CLF_302;RF;{'n_estimators': 250, 'n_jobs': -1, 'random_state': 42};smote;15;0.9391445039943372;0.7488617984239667;0.3839644988430155;0.6759062762846423;0.9287020007957443
CLF_303;RF;{'n_estimators': 250, 'n_jobs': -1, 'random_state': 42};adasyn;5;0.9450100369419708;0.7299226916626462;0.38466962043569647;0.6778830538774326;0.9252467016292918
CLF_304;RF;{'n_estimators': 250, 'n_jobs': -1, 'random_state': 42};adasyn;10;0.9398777494013336;0.7360588829921657;0.3700525855529835;0.6691770302958673;0.9257903284168447
CLF_305;RF;{'n_estimators': 250, 'n_jobs': -1, 'random_state': 42};adasyn;15;0.9394376515492177;0.749013313575482;0.38512405709672465;0.6765621284980715;0.924940127287765
CLF_306;RF;{'n_estimators': 300, 'n_jobs': -1, 'random_state': 42};-;-;0.9655381113336763;0.573560606060606;0.22663562778132218;0.6044955717112076;0.9143718958660978
CLF_307;RF;{'n_estimators': 300, 'n_jobs': -1, 'random_state': 42};undersampling;-;0.8291656536491223;0.8546143772830657;0.2759259793716516;0.5887796803265979;0.9298499102960127
CLF_308;RF;{'n_estimators': 300, 'n_jobs': -1, 'random_state': 42};oversampling;-;0.9652451789329645;0.6151514002802858;0.30378279215488513;0.6429747435336001;0.9252461194410158
CLF_309;RF;{'n_estimators': 300, 'n_jobs': -1, 'random_state': 42};smote;5;0.9444236342551255;0.734013830496014;0.38387688337915027;0.6773238950941558;0.9268807709739202
CLF_31;AD;{'min_samples_leaf': 7, 'random_state': 42};smote;10;0.9090824105012446;0.6871936958669332;0.26201364993339205;0.6066164691752138;0.7563910683964186
CLF_310;RF;{'n_estimators': 300, 'n_jobs': -1, 'random_state': 42};smote;10;0.9397307991040981;0.7337861557194385;0.36826026633472075;0.6682376658359912;0.9253461148461664
CLF_311;RF;{'n_estimators': 300, 'n_jobs': -1, 'random_state': 42};smote;15;0.9384112585873406;0.7462859834125946;0.3773755770973343;0.6724206061637769;0.9283369165324762
CLF_312;RF;{'n_estimators': 300, 'n_jobs': -1, 'random_state': 42};adasyn;5;0.9447166742329216;0.7231802099846073;0.37254669302978327;0.671753871403936;0.9258698480253635
CLF_313;RF;{'n_estimators': 300, 'n_jobs': -1, 'random_state': 42};adasyn;10;0.9406108872312455;0.734240701173984;0.3707502232583872;0.6697307591426233;0.9262001759096237
CLF_314;RF;{'n_estimators': 300, 'n_jobs': -1, 'random_state': 42};adasyn;15;0.9385578861533231;0.7441648861626117;0.37816859121931756;0.6728426791397312;0.9265327059275643
CLF_315;RF;{'n_estimators': 350, 'n_jobs': -1, 'random_state': 42};-;-;0.9652448562017113;0.5756060606060606;0.2312210644537343;0.6067084484886346;0.9152192709018646
CLF_316;RF;{'n_estimators': 350, 'n_jobs': -1, 'random_state': 42};undersampling;-;0.8260861520322387;0.8508263261883429;0.27184435958040654;0.5857478098885016;0.9298688418578228
CLF_317;RF;{'n_estimators': 350, 'n_jobs': -1, 'random_state': 42};oversampling;-;0.965098551366982;0.6128786730075586;0.29959137159137156;0.6408419678031934;0.9252478777540377
CLF_318;RF;{'n_estimators': 350, 'n_jobs': -1, 'random_state': 42};smote;5;0.9439838591342626;0.7293926758104166;0.378427884139011;0.6744824148085484;0.9264347664563479
CLF_319;RF;{'n_estimators': 350, 'n_jobs': -1, 'random_state': 42};smote;10;0.9388510337082036;0.733331610264893;0.36650061279848517;0.6671099738401464;0.9256164916968986
CLF_32;AD;{'min_samples_leaf': 7, 'random_state': 42};smote;15;0.9109887840131847;0.7145422381510327;0.28267356259043247;0.6174742307151411;0.7809578341656277
CLF_320;RF;{'n_estimators': 350, 'n_jobs': -1, 'random_state': 42};smote;15;0.9391445039943372;0.746664828726997;0.38027538884406226;0.6740709228600913;0.9278704166379489
CLF_321;RF;{'n_estimators': 350, 'n_jobs': -1, 'random_state': 42};adasyn;5;0.945009821787802;0.7277256645300618;0.3773015239767015;0.6742120251214974;0.9258939722888824
CLF_322;RF;{'n_estimators': 350, 'n_jobs': -1, 'random_state': 42};adasyn;10;0.9416372801931224;0.7413619132951961;0.3804617612846449;0.67485909791487;0.9264291873695951
CLF_323;RF;{'n_estimators': 350, 'n_jobs': -1, 'random_state': 42};adasyn;15;0.9385578861533231;0.7463617984239667;0.3791884356332752;0.6733549008890904;0.9265413016894424
CLF_324;RF;{'n_estimators': 400, 'n_jobs': -1, 'random_state': 42};-;-;0.9658315816198098;0.5803030303030303;0.2481938896119628;0.6153453842875819;0.9154139032303877
CLF_325;RF;{'n_estimators': 400, 'n_jobs': -1, 'random_state': 42};undersampling;-;0.8271124374170311;0.8513565717830313;0.2717008326566541;0.586065006621603;0.9299566922411794
CLF_326;RF;{'n_estimators': 400, 'n_jobs': -1, 'random_state': 42};oversampling;-;0.9652451789329645;0.6151514002802858;0.30422295053874004;0.6431946545200452;0.9250430140539727
CLF_327;RF;{'n_estimators': 400, 'n_jobs': -1, 'random_state': 42};smote;5;0.9447169969641747;0.7319684333861741;0.3834995773457312;0.6772200969398183;0.9265362630196096
CLF_328;RF;{'n_estimators': 400, 'n_jobs': -1, 'random_state': 42};smote;10;0.9394377591263019;0.7358316677005078;0.3705727722569828;0.6693077704844316;0.9258489871490422
CLF_329;RF;{'n_estimators': 400, 'n_jobs': -1, 'random_state': 42};smote;15;0.9394377591263019;0.7468163438785121;0.3810559839103716;0.6745436869502842;0.9284886052961902
CLF_33;AD;{'min_samples_leaf': 7, 'random_state': 42};adasyn;5;0.9118702706424289;0.7062097663519195;0.29466457096600107;0.623665946304316;0.7672314415086143
CLF_330;RF;{'n_estimators': 400, 'n_jobs': -1, 'random_state': 42};adasyn;5;0.9453031844968512;0.7300742068141614;0.38261079211134374;0.6769415881954726;0.9261695261770646
CLF_331;RF;{'n_estimators': 400, 'n_jobs': -1, 'random_state': 42};adasyn;10;0.9413440250611576;0.741210398143681;0.3801256534170646;0.674607750362141;0.9262691247543323
CLF_332;RF;{'n_estimators': 400, 'n_jobs': -1, 'random_state': 42};adasyn;15;0.938118003455376;0.7461345831323087;0.37889767732921964;0.6730860528542733;0.9267341574299757
CLF_333;RF;{'n_estimators': 450, 'n_jobs': -1, 'random_state': 42};-;-;0.9649517086468309;0.5754545454545454;0.23251862891207153;0.6072791823025094;0.9153624069804114
CLF_334;RF;{'n_estimators': 450, 'n_jobs': -1, 'random_state': 42};undersampling;-;0.827405692548996;0.8515080869345464;0.27230977327440187;0.5864505950136911;0.9297380622685607
CLF_335;RF;{'n_estimators': 450, 'n_jobs': -1, 'random_state': 42};oversampling;-;0.9653916989218626;0.6174240701173984;0.3076856921260127;0.6449633443508589;0.9254165935667935
CLF_336;RF;{'n_estimators': 450, 'n_jobs': -1, 'random_state': 42};smote;5;0.9445704769752765;0.7318926758104165;0.3837311239485152;0.6772957386651357;0.9264191165567036
CLF_337;RF;{'n_estimators': 450, 'n_jobs': -1, 'random_state': 42};smote;10;0.9401711121103826;0.7428013646702047;0.38064247615988844;0.674535573512913;0.9257629029108368
CLF_338;RF;{'n_estimators': 450, 'n_jobs': -1, 'random_state': 42};smote;15;0.9391445039943372;0.7444678590300273;0.3783595629903009;0.673118905524751;0.9284041710265519
CLF_339;RF;{'n_estimators': 450, 'n_jobs': -1, 'random_state': 42};adasyn;5;0.9455965472059005;0.7324227490982608;0.3858557788811015;0.6786410783260799;0.926322753954181
CLF_34;AD;{'min_samples_leaf': 7, 'random_state': 42};adasyn;10;0.9087895856776174;0.6936332046775565;0.26404501001531755;0.6075248373569434;0.7591393534211786
CLF_340;RF;{'n_estimators': 450, 'n_jobs': -1, 'random_state': 42};adasyn;10;0.940904034786126;0.7365891860224688;0.375371719768104;0.6721123678852919;0.9266117451654876
CLF_341;RF;{'n_estimators': 450, 'n_jobs': -1, 'random_state': 42};adasyn;15;0.9382646310213584;0.7462103407080662;0.3794561099258515;0.6734051193813098;0.9270647033085003
CLF_342;RF;{'n_estimators': 500, 'n_jobs': -1, 'random_state': 42};-;-;0.9653915913447781;0.5778787878787879;0.23948832588176847;0.6108788514511199;0.9154122480404012
CLF_343;RF;{'n_estimators': 500, 'n_jobs': -1, 'random_state': 42};undersampling;-;0.8257926817461051;0.8484777264686286;0.26955149605907713;0.5845709590780921;0.9296760761867764
CLF_344;RF;{'n_estimators': 500, 'n_jobs': -1, 'random_state': 42};oversampling;-;0.9650984437898977;0.6172725549658832;0.3061829126945406;0.6441352655922242;0.9255613169568733
CLF_345;RF;{'n_estimators': 500, 'n_jobs': -1, 'random_state': 42};smote;5;0.9448637321072415;0.7342411606589014;0.3861120763294676;0.6785643398556119;0.9268030175105526
CLF_346;RF;{'n_estimators': 500, 'n_jobs': -1, 'random_state': 42};smote;10;0.9407575147972279;0.743104394973235;0.3834155599641845;0.6760799582096305;0.9256543887597457
CLF_347;RF;{'n_estimators': 500, 'n_jobs': -1, 'random_state': 42};smote;15;0.9389978764283547;0.7465890711512395;0.37957450242889007;0.6736815167540359;0.928781307631418
CLF_348;RF;{'n_estimators': 500, 'n_jobs': -1, 'random_state': 42};adasyn;5;0.9450100369419708;0.7321197187952306;0.38429071972431583;0.6776954244066131;0.9263261935642871
CLF_349;RF;{'n_estimators': 500, 'n_jobs': -1, 'random_state': 42};adasyn;10;0.9404641520881787;0.7363619132951961;0.3727070539576546;0.6706574136785814;0.9268286377107625
CLF_35;AD;{'min_samples_leaf': 7, 'random_state': 42};adasyn;15;0.9061505046441027;0.7054513864957384;0.2779341566005177;0.6136611334350581;0.7704929698807638
CLF_350;RF;{'n_estimators': 500, 'n_jobs': -1, 'random_state': 42};adasyn;15;0.9379712683123091;0.7438617984239667;0.37522810174358334;0.6712133188902496;0.9274090415666765
CLF_351;RL;{'C': 0.8, 'n_jobs': -1, 'random_state': 42};-;-;0.959525305357554;0.5001511131022125;0.010526315789473684;0.4949254485836767;0.5577260561365256
CLF_352;RL;{'C': 0.8, 'n_jobs': -1, 'random_state': 42};undersampling;-;0.6710861843053639;0.5400624899487674;0.07343559774843847;0.4353934723293488;0.5812400270887245
CLF_353;RL;{'C': 0.8, 'n_jobs': -1, 'random_state': 42};oversampling;-;0.6889798034781822;0.5471105290968824;0.07955354307299109;0.44489367625003773;0.5894159816164262
CLF_354;RL;{'C': 0.8, 'n_jobs': -1, 'random_state': 42};smote;5;0.7193335384469741;0.5452177384152365;0.0800478736873925;0.45601099053986943;0.5767888113334043
CLF_355;RL;{'C': 0.8, 'n_jobs': -1, 'random_state': 42};smote;10;0.7065790917481921;0.5474158568244997;0.08037800159240974;0.45118406992656074;0.5683723738870544
CLF_356;RL;{'C': 0.8, 'n_jobs': -1, 'random_state': 42};smote;15;0.7106844484415308;0.5429460449835735;0.08026953448737627;0.4526663158281977;0.5663831253119798
CLF_357;RL;{'C': 0.8, 'n_jobs': -1, 'random_state': 42};adasyn;5;0.7045225406264859;0.5419593011234406;0.07661170366856801;0.44911900036984553;0.572351784785619
CLF_358;RL;{'C': 0.8, 'n_jobs': -1, 'random_state': 42};adasyn;10;0.7134688661160153;0.5465816045213316;0.07980042303491813;0.45374794784304606;0.5710243406913577
CLF_359;RL;{'C': 0.8, 'n_jobs': -1, 'random_state': 42};adasyn;15;0.7105337329463427;0.5384742228961334;0.07542214112101658;0.45067514164538525;0.5619742343832563
CLF_36;AD;{'min_samples_leaf': 9, 'random_state': 42};-;-;0.9538076909009151;0.6070449376249225;0.2474418571433497;0.61178597759541;0.7391467521726327
CLF_360;RL;{'C': 0.8500000000000001, 'n_jobs': -1, 'random_state': 42};-;-;0.959525305357554;0.5001511131022125;0.010526315789473684;0.4949254485836767;0.5576709597177928
CLF_361;RL;{'C': 0.8500000000000001, 'n_jobs': -1, 'random_state': 42};undersampling;-;0.6710861843053639;0.5400624899487674;0.07343559774843847;0.4353934723293488;0.5812520768196124
CLF_362;RL;{'C': 0.8500000000000001, 'n_jobs': -1, 'random_state': 42};oversampling;-;0.6898601067594985;0.5475653617295013;0.08008707983982695;0.4454360371128986;0.5894402037815609
CLF_363;RL;{'C': 0.8500000000000001, 'n_jobs': -1, 'random_state': 42};smote;5;0.7194801660129566;0.5452934959909941;0.08009363980174537;0.4560850772843218;0.5767612631240379
CLF_364;RL;{'C': 0.8500000000000001, 'n_jobs': -1, 'random_state': 42};smote;10;0.7065790917481921;0.5474158568244997;0.08037800159240974;0.45118406992656074;0.568382712297696
CLF_365;RL;{'C': 0.8500000000000001, 'n_jobs': -1, 'random_state': 42};smote;15;0.7089249176497419;0.5420369540744825;0.07992887886047528;0.45182023924435344;0.5656048883973792
CLF_366;RL;{'C': 0.8500000000000001, 'n_jobs': -1, 'random_state': 42};adasyn;5;0.7045225406264859;0.5419593011234406;0.07661170366856801;0.44911900036984553;0.5723621153641314
CLF_367;RL;{'C': 0.8500000000000001, 'n_jobs': -1, 'random_state': 42};adasyn;10;0.7131756109840506;0.5464300893698165;0.07972877795362851;0.45361402073207896;0.5709451395894294
CLF_368;RL;{'C': 0.8500000000000001, 'n_jobs': -1, 'random_state': 42};adasyn;15;0.7106804680894095;0.5385500379075057;0.07549884962868744;0.45075723096435905;0.5621016970657712
CLF_369;RL;{'C': 0.9000000000000001, 'n_jobs': -1, 'random_state': 42};-;-;0.959525305357554;0.5001511131022125;0.010526315789473684;0.4949254485836767;0.5577191690841838
CLF_37;AD;{'min_samples_leaf': 9, 'random_state': 42};undersampling;-;0.7850164485361987;0.8010464194637811;0.2162772331619192;0.5444886598860135;0.874259613155471
CLF_370;RL;{'C': 0.9000000000000001, 'n_jobs': -1, 'random_state': 42};undersampling;-;0.6710861843053639;0.5400624899487674;0.07343559774843847;0.4353934723293488;0.5812692944504665
CLF_371;RL;{'C': 0.9000000000000001, 'n_jobs': -1, 'random_state': 42};oversampling;-;0.689566636473365;0.5474137317067568;0.07988046826957901;0.44524541465715667;0.5893574782214592
CLF_372;RL;{'C': 0.9000000000000001, 'n_jobs': -1, 'random_state': 42};smote;5;0.7193335384469741;0.5452177384152365;0.0800478736873925;0.45601099053986943;0.5767543760716963
CLF_373;RL;{'C': 0.9000000000000001, 'n_jobs': -1, 'random_state': 42};smote;10;0.7065790917481921;0.5474158568244997;0.08037800159240974;0.45118406992656074;0.5683379307932171
CLF_374;RL;{'C': 0.9000000000000001, 'n_jobs': -1, 'random_state': 42};smote;15;0.7103911933095659;0.5427945298320582;0.08021170714330357;0.4525252920996472;0.5660731583531226
CLF_375;RL;{'C': 0.9000000000000001, 'n_jobs': -1, 'random_state': 42};adasyn;5;0.7045225406264859;0.5419593011234406;0.07661170366856801;0.44911900036984553;0.5723207930500818
CLF_376;RL;{'C': 0.9000000000000001, 'n_jobs': -1, 'random_state': 42};adasyn;10;0.7131756109840506;0.5464300893698165;0.07972877795362851;0.45361402073207896;0.5709382525370877
CLF_377;RL;{'C': 0.9000000000000001, 'n_jobs': -1, 'random_state': 42};adasyn;15;0.7106805756664938;0.5385500953431204;0.0755381158783113;0.45077198890872294;0.5619741586726733
CLF_378;RL;{'C': 0.9500000000000002, 'n_jobs': -1, 'random_state': 42};-;-;0.959525305357554;0.5001511131022125;0.010526315789473684;0.4949254485836767;0.5577019514533299
CLF_379;RL;{'C': 0.9500000000000002, 'n_jobs': -1, 'random_state': 42};undersampling;-;0.6710861843053639;0.5400624899487674;0.07343559774843847;0.4353934723293488;0.5812830685551497
CLF_38;AD;{'min_samples_leaf': 9, 'random_state': 42};oversampling;-;0.9192012186332116;0.690224745560227;0.29362556649521976;0.6251682045961351;0.6928986684335949
CLF_380;RL;{'C': 0.9500000000000002, 'n_jobs': -1, 'random_state': 42};oversampling;-;0.6889798034781822;0.5471105290968824;0.07955751186217841;0.4449003062410224;0.5894434567259192
CLF_381;RL;{'C': 0.9500000000000002, 'n_jobs': -1, 'random_state': 42};smote;5;0.7193335384469741;0.5452177384152365;0.0800478736873925;0.45601099053986943;0.576830133647454
CLF_382;RL;{'C': 0.9500000000000002, 'n_jobs': -1, 'random_state': 42};smote;10;0.7065790917481921;0.5474158568244997;0.08037800159240974;0.45118406992656074;0.5683379307932171
CLF_383;RL;{'C': 0.9500000000000002, 'n_jobs': -1, 'random_state': 42};smote;15;0.7089243797643201;0.5420366668964092;0.07950609103677288;0.4516784830151144;0.5657012784123543
CLF_384;RL;{'C': 0.9500000000000002, 'n_jobs': -1, 'random_state': 42};adasyn;5;0.7045225406264859;0.5419593011234406;0.07661170366856801;0.44911900036984553;0.5723139059977402
CLF_385;RL;{'C': 0.9500000000000002, 'n_jobs': -1, 'random_state': 42};adasyn;10;0.7131756109840506;0.5464300893698165;0.07972877795362851;0.45361402073207896;0.5709692442726249
CLF_386;RL;{'C': 0.9500000000000002, 'n_jobs': -1, 'random_state': 42};adasyn;15;0.7106805756664938;0.5385500953431204;0.0755381158783113;0.45077198890872294;0.5619672716203318
CLF_387;RL;{'C': 1.0000000000000002, 'n_jobs': -1, 'random_state': 42};-;-;0.959525305357554;0.5001511131022125;0.010526315789473684;0.4949254485836767;0.5577329431888671
CLF_388;RL;{'C': 1.0000000000000002, 'n_jobs': -1, 'random_state': 42};undersampling;-;0.6710861843053639;0.5400624899487674;0.07343559774843847;0.4353934723293488;0.5812434680041855
CLF_389;RL;{'C': 1.0000000000000002, 'n_jobs': -1, 'random_state': 42};oversampling;-;0.6892730586101471;0.5472620442483975;0.07960029267691807;0.44503107227384114;0.5891852993022095
CLF_39;AD;{'min_samples_leaf': 9, 'random_state': 42};smote;5;0.9104025964805083;0.7252242286396949;0.2897959808338697;0.6208076238042082;0.815811231064522
CLF_390;RL;{'C': 1.0000000000000002, 'n_jobs': -1, 'random_state': 42};smote;5;0.7193335384469741;0.5452177384152365;0.0800478736873925;0.45601099053986943;0.5768335771736247
CLF_391;RL;{'C': 1.0000000000000002, 'n_jobs': -1, 'random_state': 42};smote;10;0.7065790917481921;0.5474158568244997;0.08037800159240974;0.45118406992656074;0.5683689460251422
CLF_392;RL;{'C': 1.0000000000000002, 'n_jobs': -1, 'random_state': 42};smote;15;0.7102445657435835;0.5427187722563007;0.08018295380586263;0.45245478350962676;0.5654774309362841
CLF_393;RL;{'C': 1.0000000000000002, 'n_jobs': -1, 'random_state': 42};adasyn;5;0.7045225406264859;0.5419593011234406;0.07661170366856801;0.44911900036984553;0.5723104624715694
CLF_394;RL;{'C': 1.0000000000000002, 'n_jobs': -1, 'random_state': 42};adasyn;10;0.7131756109840506;0.5464300893698165;0.07972877795362851;0.45361402073207896;0.5709933489558205
CLF_395;RL;{'C': 1.0000000000000002, 'n_jobs': -1, 'random_state': 42};adasyn;15;0.7106803605123251;0.5385499804718911;0.07546533725965741;0.4507489489518862;0.5619088152181405
CLF_396;RL;{'C': 1.0500000000000003, 'n_jobs': -1, 'random_state': 42};-;-;0.959525305357554;0.5001511131022125;0.010526315789473684;0.4949254485836767;0.5576881773486467
CLF_397;RL;{'C': 1.0500000000000003, 'n_jobs': -1, 'random_state': 42};undersampling;-;0.6710861843053639;0.5400624899487674;0.07343559774843847;0.4353934723293488;0.5812469115303563
CLF_398;RL;{'C': 1.0500000000000003, 'n_jobs': -1, 'random_state': 42};oversampling;-;0.6889798034781822;0.5471105290968824;0.07954868838261513;0.4448951023628779;0.5893608825869836
CLF_399;RL;{'C': 1.0500000000000003, 'n_jobs': -1, 'random_state': 42};smote;5;0.7194801660129566;0.5452934959909941;0.08009363980174537;0.4560850772843218;0.5767750372287211
CLF_4;AD;{'min_samples_leaf': 1, 'random_state': 42};smote;10;0.91436121803078;0.6547697406207641;0.23819599417334728;0.5962567111806243;0.6547697406207641
CLF_40;AD;{'min_samples_leaf': 9, 'random_state': 42};smote;10;0.9005786571367713;0.6784062191283571;0.25449004950522436;0.600287586314568;0.7615283969511087
CLF_400;RL;{'C': 1.0500000000000003, 'n_jobs': -1, 'random_state': 42};smote;10;0.7065790917481921;0.5474158568244997;0.08037800159240974;0.45118406992656074;0.568372389551313
CLF_401;RL;{'C': 1.0500000000000003, 'n_jobs': -1, 'random_state': 42};smote;15;0.7096580554796539;0.5424157419532704;0.08006899562444528;0.4521727624696661;0.5663210948481299
CLF_402;RL;{'C': 1.0500000000000003, 'n_jobs': -1, 'random_state': 42};adasyn;5;0.7045225406264859;0.5419593011234406;0.07661170366856801;0.44911900036984553;0.5723655588903022
CLF_403;RL;{'C': 1.0500000000000003, 'n_jobs': -1, 'random_state': 42};adasyn;10;0.7131756109840506;0.5464300893698165;0.07972877795362851;0.45361402073207896;0.5710277842175284
CLF_404;RL;{'C': 1.0500000000000003, 'n_jobs': -1, 'random_state': 42};adasyn;15;0.7103871053803603;0.5383984653203758;0.07538405425366143;0.45060752312292596;0.5620603173161068
CLF_405;RL;{'C': 1.1000000000000003, 'n_jobs': -1, 'random_state': 42};-;-;0.959525305357554;0.5001511131022125;0.010526315789473684;0.4949254485836767;0.5576916208748175
CLF_406;RL;{'C': 1.1000000000000003, 'n_jobs': -1, 'random_state': 42};undersampling;-;0.6710861843053639;0.5400624899487674;0.07343559774843847;0.4353934723293488;0.5812727379766373
CLF_407;RL;{'C': 1.1000000000000003, 'n_jobs': -1, 'random_state': 42};oversampling;-;0.6888331759121998;0.5470347715211249;0.07953417917697522;0.44483160305160074;0.5894883296052398
CLF_408;RL;{'C': 1.1000000000000003, 'n_jobs': -1, 'random_state': 42};smote;5;0.7193335384469741;0.5452177384152365;0.0800478736873925;0.45601099053986943;0.5768680124353327
CLF_409;RL;{'C': 1.1000000000000003, 'n_jobs': -1, 'random_state': 42};smote;10;0.7064324641822097;0.5473400992487422;0.08034303401027235;0.45111793384356247;0.5686202999392227
CLF_41;AD;{'min_samples_leaf': 9, 'random_state': 42};smote;15;0.9096690283422586;0.7270420658441886;0.29495096718169844;0.6232125321168123;0.8062856387989065
CLF_410;RL;{'C': 1.1000000000000003, 'n_jobs': -1, 'random_state': 42};smote;15;0.708484819797626;0.5418095664759804;0.07967271977123871;0.45155048151355004;0.5662176663596472
CLF_411;RL;{'C': 1.1000000000000003, 'n_jobs': -1, 'random_state': 42};adasyn;5;0.7045225406264859;0.5419593011234406;0.07661170366856801;0.44911900036984553;0.5723483412594481
CLF_412;RL;{'C': 1.1000000000000003, 'n_jobs': -1, 'random_state': 42};adasyn;10;0.7131756109840506;0.5464300893698165;0.07972877795362851;0.45361402073207896;0.5709864619034789
CLF_413;RL;{'C': 1.1000000000000003, 'n_jobs': -1, 'random_state': 42};adasyn;15;0.7106804680894095;0.5385500379075057;0.07549884962868744;0.45075723096435905;0.5619260459025432
CLF_414;RL;{'C': 1.1500000000000004, 'n_jobs': -1, 'random_state': 42};-;-;0.959525305357554;0.5001511131022125;0.010526315789473684;0.4949254485836767;0.5577122820318423
CLF_415;RL;{'C': 1.1500000000000004, 'n_jobs': -1, 'random_state': 42};undersampling;-;0.6710861843053639;0.5400624899487674;0.07343559774843847;0.4353934723293488;0.5812503576672368
CLF_416;RL;{'C': 1.1500000000000004, 'n_jobs': -1, 'random_state': 42};oversampling;-;0.6900065191713122;0.5476410044340294;0.0799509735574756;0.4454514633001304;0.5896570649983187
CLF_417;RL;{'C': 1.1500000000000004, 'n_jobs': -1, 'random_state': 42};smote;5;0.7193335384469741;0.5452177384152365;0.0800478736873925;0.45601099053986943;0.5768748994876743
CLF_418;RL;{'C': 1.1500000000000004, 'n_jobs': -1, 'random_state': 42};smote;10;0.7067257193141746;0.5474916144002574;0.08041315870073758;0.45125025952442027;0.5684963329970738
CLF_419;RL;{'C': 1.1500000000000004, 'n_jobs': -1, 'random_state': 42};smote;15;0.7090711149073868;0.5421124819077814;0.07961650693666247;0.4517763240150452;0.5664692813447034
CLF_42;AD;{'min_samples_leaf': 9, 'random_state': 42};adasyn;5;0.9040970732578429;0.7043907804351323;0.26994887697490483;0.6091192154550981;0.7925611310743383
CLF_420;RL;{'C': 1.1500000000000004, 'n_jobs': -1, 'random_state': 42};adasyn;5;0.7045225406264859;0.5419593011234406;0.07661170366856801;0.44911900036984553;0.5723035754192278
CLF_421;RL;{'C': 1.1500000000000004, 'n_jobs': -1, 'random_state': 42};adasyn;10;0.7131756109840506;0.5464300893698165;0.07972877795362851;0.45361402073207896;0.5709726877987957
CLF_422;RL;{'C': 1.1500000000000004, 'n_jobs': -1, 'random_state': 42};adasyn;15;0.710386997803276;0.5383984078847612;0.07534606919847163;0.4505933354197268;0.5619673264452367
CLF_423;RL;{'C': 1.2000000000000004, 'n_jobs': -1, 'random_state': 42};-;-;0.959525305357554;0.5001511131022125;0.010526315789473684;0.4949254485836767;0.5576744032439636
CLF_424;RL;{'C': 1.2000000000000004, 'n_jobs': -1, 'random_state': 42};undersampling;-;0.6710861843053639;0.5400624899487674;0.07343559774843847;0.4353934723293488;0.581250355056527
CLF_425;RL;{'C': 1.2000000000000004, 'n_jobs': -1, 'random_state': 42};oversampling;-;0.6898595688740767;0.5475650745514279;0.07969481187613041;0.4453057461010287;0.5895329884063601
CLF_426;RL;{'C': 1.2000000000000004, 'n_jobs': -1, 'random_state': 42};smote;5;0.7193335384469741;0.5452177384152365;0.0800478736873925;0.45601099053986943;0.5768748994876743
CLF_427;RL;{'C': 1.2000000000000004, 'n_jobs': -1, 'random_state': 42};smote;10;0.7064324641822097;0.5473400992487422;0.08034303401027235;0.45111793384356247;0.5686202999392227
CLF_428;RL;{'C': 1.2000000000000004, 'n_jobs': -1, 'random_state': 42};smote;15;0.708484819797626;0.5418095664759804;0.07967271977123871;0.45155048151355004;0.5662176663596472
CLF_429;RL;{'C': 1.2000000000000004, 'n_jobs': -1, 'random_state': 42};adasyn;5;0.7045225406264859;0.5419593011234406;0.07661170366856801;0.44911900036984553;0.5723035754192278
CLF_43;AD;{'min_samples_leaf': 9, 'random_state': 42};adasyn;10;0.8977924106518526;0.7055272015071106;0.25928463298317384;0.6018887711651582;0.7784540160026066
CLF_430;RL;{'C': 1.2000000000000004, 'n_jobs': -1, 'random_state': 42};adasyn;10;0.7131756109840506;0.5464300893698165;0.07972877795362851;0.45361402073207896;0.5709899054296497
CLF_431;RL;{'C': 1.2000000000000004, 'n_jobs': -1, 'random_state': 42};adasyn;15;0.7099472226824131;0.5381711925931032;0.07527101896636341;0.45040503269655596;0.5620878968539903
CLF_432;RL;{'C': 1.2500000000000004, 'n_jobs': -1, 'random_state': 42};-;-;0.959525305357554;0.5001511131022125;0.010526315789473684;0.4949254485836767;0.557684733822476
CLF_433;RL;{'C': 1.2500000000000004, 'n_jobs': -1, 'random_state': 42};undersampling;-;0.6710861843053639;0.5400624899487674;0.07343559774843847;0.4353934723293488;0.5812847929289449
CLF_434;RL;{'C': 1.2500000000000004, 'n_jobs': -1, 'random_state': 42};oversampling;-;0.6895663137421119;0.5474135593999127;0.07964738104609088;0.4451684280824331;0.5896088138605714
CLF_435;RL;{'C': 1.2500000000000004, 'n_jobs': -1, 'random_state': 42};smote;5;0.7193335384469741;0.5452177384152365;0.0800478736873925;0.45601099053986943;0.5768680124353327
CLF_436;RL;{'C': 1.2500000000000004, 'n_jobs': -1, 'random_state': 42};smote;10;0.7064324641822097;0.5473400992487422;0.08034303401027235;0.45111793384356247;0.5683620406978322
CLF_437;RL;{'C': 1.2500000000000004, 'n_jobs': -1, 'random_state': 42};smote;15;0.7089243797643201;0.5420366668964092;0.07950609103677288;0.4516784830151144;0.5663417742801229
CLF_438;RL;{'C': 1.2500000000000004, 'n_jobs': -1, 'random_state': 42};adasyn;5;0.7045225406264859;0.5419593011234406;0.07661170366856801;0.44911900036984553;0.5723621153641314
CLF_439;RL;{'C': 1.2500000000000004, 'n_jobs': -1, 'random_state': 42};adasyn;10;0.7133222385500331;0.5465058469455741;0.07976450647185693;0.453680958176348;0.5710484453745532
CLF_44;AD;{'min_samples_leaf': 9, 'random_state': 42};adasyn;15;0.9032179533244546;0.723708962253314;0.2827603193474639;0.615190386795283;0.7960058242323991
CLF_440;RL;{'C': 1.2500000000000004, 'n_jobs': -1, 'random_state': 42};adasyn;15;0.7105337329463427;0.5384742228961334;0.07542214112101658;0.45067514164538525;0.5618950280599085
CLF_45;AD;{'min_samples_leaf': 11, 'random_state': 42};-;-;0.9574731648963064;0.6023479679279528;0.2575822368156321;0.6178295836956273;0.7411935290425797
CLF_46;AD;{'min_samples_leaf': 11, 'random_state': 42};undersampling;-;0.7861880705619612;0.8192270889333058;0.22419074189349217;0.5488091190695659;0.870951238207424
CLF_47;AD;{'min_samples_leaf': 11, 'random_state': 42};oversampling;-;0.9170021278747287;0.7022702575412962;0.3070014697743888;0.6312117148215906;0.7031861715403396
CLF_48;AD;{'min_samples_leaf': 11, 'random_state': 42};smote;5;0.9077622245219812;0.7414357180600547;0.29597282283359005;0.6231004851085062;0.8249273073974983
CLF_49;AD;{'min_samples_leaf': 11, 'random_state': 42};smote;10;0.8991121663227786;0.7040119925563444;0.26844405338165866;0.6068371629822193;0.7829693768966808
CLF_5;AD;{'min_samples_leaf': 1, 'random_state': 42};smote;15;0.9180269071803402;0.6742394950260758;0.2542972107741714;0.6053516267505903;0.6742394950260758
CLF_50;AD;{'min_samples_leaf': 11, 'random_state': 42};smote;15;0.9087895856776174;0.7463602476623705;0.3093204230469707;0.6300996247869304;0.8265508033676067
CLF_51;AD;{'min_samples_leaf': 11, 'random_state': 42};adasyn;5;0.903950338114776;0.7240874629540286;0.2869707382971707;0.6175186537667567;0.8054449328212165
CLF_52;AD;{'min_samples_leaf': 11, 'random_state': 42};adasyn;10;0.8974980797490442;0.7317385186206262;0.27569379186611664;0.6099899868697414;0.8006394763856081
CLF_53;AD;{'min_samples_leaf': 11, 'random_state': 42};adasyn;15;0.8979376397157383;0.7012080432834792;0.25232180667126086;0.5985134897332358;0.7933371201678373
CLF_54;AD;{'min_samples_leaf': 13, 'random_state': 42};-;-;0.9576203303477107;0.6221966250832816;0.28882829394662085;0.633479269705583;0.7677993087362702
CLF_55;AD;{'min_samples_leaf': 13, 'random_state': 42};undersampling;-;0.7883861931266849;0.8137718542513841;0.22592965091752476;0.5504510098975727;0.874986644914233
CLF_56;AD;{'min_samples_leaf': 13, 'random_state': 42};oversampling;-;0.9114273757861195;0.7103748248213753;0.29246769819984014;0.6224156979218595;0.7129338829921659
CLF_57;AD;{'min_samples_leaf': 13, 'random_state': 42};smote;5;0.9046833683676038;0.7398449812759896;0.2909910555860994;0.6197518447709471;0.821250788434347
CLF_58;AD;{'min_samples_leaf': 13, 'random_state': 42};smote;10;0.9007249619715006;0.7136332046775564;0.27467390532964303;0.610437911989711;0.803537013076523
CLF_59;AD;{'min_samples_leaf': 13, 'random_state': 42};smote;15;0.9055638868030889;0.7534816320904267;0.3052880496998144;0.6271522646112462;0.8310912779841979
CLF_6;AD;{'min_samples_leaf': 1, 'random_state': 42};adasyn;5;0.9167081197031732;0.6735580788935602;0.26369452155824974;0.609624303892322;0.6735580788935602
CLF_60;AD;{'min_samples_leaf': 13, 'random_state': 42};adasyn;5;0.9014584225326658;0.7381785443517817;0.29773289270558256;0.6221052455842;0.832060919084706
CLF_61;AD;{'min_samples_leaf': 13, 'random_state': 42};adasyn;10;0.8992581484262547;0.7238600179199117;0.273886296769592;0.6096455983983764;0.8004345565552834
CLF_62;AD;{'min_samples_leaf': 13, 'random_state': 42};adasyn;15;0.8951516083849883;0.7063593286925357;0.25736985225640063;0.6002159634843658;0.81365350164057
CLF_63;AD;{'min_samples_leaf': 15, 'random_state': 42};-;-;0.9483826861137349;0.6240147494658488;0.28761098905225996;0.6302943689102699;0.7586422142369313
CLF_64;AD;{'min_samples_leaf': 15, 'random_state': 42};undersampling;-;0.8011418231733949;0.8093773405012981;0.22825311910642526;0.5559348495525612;0.8769012546026813
CLF_65;AD;{'min_samples_leaf': 15, 'random_state': 42};oversampling;-;0.9062957337079884;0.7209053001585223;0.2934838782745917;0.6214087573615172;0.7233182643166101
CLF_66;AD;{'min_samples_leaf': 15, 'random_state': 42};smote;5;0.9061494288732591;0.7493900912077561;0.30082084157916056;0.6250943542831741;0.8368300970975173
CLF_67;AD;{'min_samples_leaf': 15, 'random_state': 42};smote;10;0.8974987252115504;0.7229511567532796;0.27332643809205054;0.6087518146230666;0.813902346662573
CLF_68;AD;{'min_samples_leaf': 15, 'random_state': 42};smote;15;0.8991110905519349;0.7479506972683623;0.2888002639586786;0.6170442718850873;0.8297867872501289
CLF_69;AD;{'min_samples_leaf': 15, 'random_state': 42};adasyn;5;0.8988183733053919;0.7346177659843315;0.2929110088750716;0.6188845955908617;0.8324984635973074
CLF_7;AD;{'min_samples_leaf': 1, 'random_state': 42};adasyn;10;0.9148006704203897;0.6703757437912101;0.24438247778204847;0.5994640201662008;0.6703757437912101
CLF_70;AD;{'min_samples_leaf': 15, 'random_state': 42};adasyn;10;0.893687053958514;0.727572483745721;0.27016944385804365;0.6060704015328181;0.8270181178035786
CLF_71;AD;{'min_samples_leaf': 15, 'random_state': 42};adasyn;15;0.895005626281512;0.7260566430031934;0.2692965640081498;0.6061035081847053;0.8260521434449254
CLF_72;AD;{'min_samples_leaf': 17, 'random_state': 42};-;-;0.9598196362603624;0.6233329312840306;0.2978968657217683;0.6385912007026195;0.7657688605505046
CLF_73;AD;{'min_samples_leaf': 17, 'random_state': 42};undersampling;-;0.8226958602186396;0.8139226801755232;0.23297358419245998;0.5661372524311978;0.8833262087064038
CLF_74;AD;{'min_samples_leaf': 17, 'random_state': 42};oversampling;-;0.8996976008158646;0.7240870034691111;0.2842212980591925;0.6148577893910671;0.7269201652788133
CLF_75;AD;{'min_samples_leaf': 17, 'random_state': 42};smote;5;0.8958850689461533;0.7352989523743882;0.27728729355327825;0.6103611764506187;0.8170232204358007
CLF_76;AD;{'min_samples_leaf': 17, 'random_state': 42};smote;10;0.8992586863116767;0.7392392078480025;0.28829416170238237;0.61674371078982;0.8274669053377528
CLF_77;AD;{'min_samples_leaf': 17, 'random_state': 42};smote;15;0.8995514035582197;0.7525721965676476;0.29117645929204716;0.618380417508358;0.8483072353732375
CLF_78;AD;{'min_samples_leaf': 17, 'random_state': 42};adasyn;5;0.8954462620190498;0.7416632205297862;0.29030324430434024;0.616614936051548;0.8443352180047077
CLF_79;AD;{'min_samples_leaf': 17, 'random_state': 42};adasyn;10;0.9004309537999454;0.7332539573138511;0.27734204680769564;0.6117253080293071;0.8437187889648431
CLF_8;AD;{'min_samples_leaf': 1, 'random_state': 42};adasyn;15;0.9099624986283923;0.6810574471017989;0.25732967285266717;0.6045043098364209;0.6810574471017988
CLF_80;AD;{'min_samples_leaf': 17, 'random_state': 42};adasyn;15;0.8922209934528587;0.7399967261699635;0.28115254622172964;0.6110930065317695;0.8271318298777979
CLF_81;AD;{'min_samples_leaf': 19, 'random_state': 42};-;-;0.9586466157325031;0.6073480827991821;0.2576223356894744;0.618155965223661;0.7612640090685614
CLF_82;AD;{'min_samples_leaf': 19, 'random_state': 42};undersampling;-;0.8360487582377152;0.814231109426333;0.2444104404691739;0.5760709375171202;0.8845492335478292
CLF_83;AD;{'min_samples_leaf': 19, 'random_state': 42};oversampling;-;0.8991104450894287;0.7369652744273669;0.2942776323009825;0.6196551893416458;0.7395590485111645
CLF_84;AD;{'min_samples_leaf': 19, 'random_state': 42};smote;5;0.8988174051116328;0.7434049555448341;0.2947755150840496;0.6198664090597885;0.8364712524305707
CLF_85;AD;{'min_samples_leaf': 19, 'random_state': 42};smote;10;0.8955931047392008;0.7329513864957382;0.2795421411295526;0.6112701944156492;0.8305384249483602
CLF_86;AD;{'min_samples_leaf': 19, 'random_state': 42};smote;15;0.9027774251640013;0.7476481264502493;0.29317491826126774;0.6203268176118206;0.8433849183474417
CLF_87;AD;{'min_samples_leaf': 19, 'random_state': 42};adasyn;5;0.8955924592766946;0.7461324580145657;0.2939644442780476;0.618477420201351;0.8411344447646915
CLF_88;AD;{'min_samples_leaf': 19, 'random_state': 42};adasyn;10;0.8972049321941638;0.7381780848668642;0.2768871467363233;0.6105436629379242;0.8466630260319091
CLF_89;AD;{'min_samples_leaf': 19, 'random_state': 42};adasyn;15;0.8904607096214793;0.745678142302479;0.28073037713947047;0.6103840434265327;0.8424893443881226
CLF_9;AD;{'min_samples_leaf': 3, 'random_state': 42};-;-;0.9442762536495526;0.6328779837801825;0.2773286925132771;0.6241098343682316;0.6741667489040241
CLF_90;KNN;{'n_jobs': -1, 'n_neighbors': 1};-;-;0.9375293416497591;0.5239379580490271;0.07269257295856467;0.5201571854743744;0.5239379580490271
CLF_91;KNN;{'n_jobs': -1, 'n_neighbors': 1};undersampling;-;0.6017090771392242;0.5877013692650539;0.08484964597163551;0.4145262549014229;0.5877013692650539
CLF_92;KNN;{'n_jobs': -1, 'n_neighbors': 1};oversampling;-;0.9375293416497591;0.5239379580490271;0.07269257295856467;0.5201571854743744;0.5239379580490271
CLF_93;KNN;{'n_jobs': -1, 'n_neighbors': 1};smote;5;0.8919211761187478;0.5596916281848048;0.11173744166551398;0.5270190799642503;0.5596916281848048
CLF_94;KNN;{'n_jobs': -1, 'n_neighbors': 1};smote;10;0.8693389173011921;0.569993624646771;0.11377191654109294;0.5214748007754543;0.569993624646771
CLF_95;KNN;{'n_jobs': -1, 'n_neighbors': 1};smote;15;0.8642052312584582;0.5673412479610357;0.10972251857782585;0.5179482750154868;0.5673412479610357
CLF_96;KNN;{'n_jobs': -1, 'n_neighbors': 1};adasyn;5;0.8894286150741314;0.5606007765295103;0.1103221598509222;0.5256134986009354;0.5606007765295105
CLF_97;KNN;{'n_jobs': -1, 'n_neighbors': 1};adasyn;10;0.8683131698018215;0.5562819054839525;0.10221993141908095;0.5154374114916653;0.5562819054839525
CLF_98;KNN;{'n_jobs': -1, 'n_neighbors': 1};adasyn;15;0.8637664243313546;0.5780993406391435;0.11960748695621873;0.5226903067422227;0.5780993406391435
CLF_99;KNN;{'n_jobs': -1, 'n_neighbors': 3};-;-;0.9599658335180073;0.5091665517954373;0.04251420336026093;0.5110299452487992;0.5448977489416184
